Design,Mean_Distance,Median_Distance,Min_Distance,Max_Distance,Avg_SD,Years_Analyzed
Consensus,0.014223562499999998,0.010601,0.010188,0.024735,0.016228187499999998,16
Medoid,0.019000875,0.0150175,0.012725,0.028269,0.0162521875,16
Ancestral,0.018021562499999998,0.0150175,0.011824,0.027531,0.016930999999999998,16
