Design,Mean_Distance,Median_Distance,Min_Distance,Max_Distance,Avg_SD,Years_Analyzed
Consensus,0.014223562499999998,0.010601,0.010188,0.024735,0.016228187499999998,16
Medoid,0.0178551875,0.0150175,0.010604,0.026281,0.0171673125,16
Ancestral,0.018021562499999998,0.0150175,0.011824,0.027531,0.016930999999999998,16
Cobra,0.0299305,0.0220845,0.010604,0.10916,0.016551625,16
