Strain_ID,P_Distance,ML_Distance_LG_G4,Difference
EPI2024417|HA|A/Ibri/52121896/2021|EPI_ISL_12241633|A_/_H1N1,0.030035,0.031048,0.001012
EPI1937582|HA|A/Canarias/9656/2021|EPI_ISL_6917705|A_/_H1N1,0.010601,0.010777,0.000176
EPI1921887|HA|A/Maine/01/2021|EPI_ISL_5329262|A_/_H1N1,0.008834,0.008941,0.000107
EPI1868847|HA|A/Iowa/02/2021|EPI_ISL_2479995|A_/_H1N1,0.015901,0.016107,0.000206
EPI1941466|HA|A/Iowa/05/2021|EPI_ISL_7334894|A_/_H1N1,0.024735,0.025328,0.000593
