Strain_ID,P_Distance,ML_Distance_LG_G4,Difference
EPI2024417|HA|A/Ibri/52121896/2021|EPI_ISL_12241633|A_/_H1N1,0.031802,0.033130,0.001328
EPI1937582|HA|A/Canarias/9656/2021|EPI_ISL_6917705|A_/_H1N1,0.008834,0.008909,0.000075
EPI1921887|HA|A/Maine/01/2021|EPI_ISL_5329262|A_/_H1N1,0.007067,0.007096,0.000029
EPI1868847|HA|A/Iowa/02/2021|EPI_ISL_2479995|A_/_H1N1,0.017668,0.018034,0.000366
EPI1941466|HA|A/Iowa/05/2021|EPI_ISL_7334894|A_/_H1N1,0.026502,0.027346,0.000845
