Strain_ID,P_Distance,ML_Distance_LG_G4,Difference
EPI534694|HA|A/NARA/30/2014|EPI_ISL_163850|A_/_H1N1,0.000000,0.000001,0.000001
EPI574054|HA|A/Nepal/2582B/2014|EPI_ISL_174819|A_/_H1N1,0.012367,0.012417,0.000049
EPI531973|HA|A/IBARAKI/11/2014|EPI_ISL_162671|A_/_H1N1,0.010601,0.010690,0.000089
EPI677813|HA|A/England/40800135/2014|EPI_ISL_202969|A_/_H1N1,0.017668,0.018052,0.000385
EPI2184551|HA|A/Catalonia/NSVH37222/2014|EPI_ISL_15083870|A_/_H1N1,0.010601,0.010651,0.000050
EPI2187043|HA|A/Newcastle/1025/2014|EPI_ISL_15146406|A_/_H1N1,0.012389,0.012889,0.000500
