Strain_ID,P_Distance,ML_Distance_LG_G4,Difference
EPI2024417|HA|A/Ibri/52121896/2021|EPI_ISL_12241633|A_/_H1N1,0.038869,0.040778,0.001908
EPI1937582|HA|A/Canarias/9656/2021|EPI_ISL_6917705|A_/_H1N1,0.015901,0.016152,0.000251
EPI1921887|HA|A/Maine/01/2021|EPI_ISL_5329262|A_/_H1N1,0.000000,0.000001,0.000001
EPI1868847|HA|A/Iowa/02/2021|EPI_ISL_2479995|A_/_H1N1,0.024735,0.025429,0.000694
EPI1941466|HA|A/Iowa/05/2021|EPI_ISL_7334894|A_/_H1N1,0.033569,0.034880,0.001311
