Design,Mean_Distance,Median_Distance,Min_Distance,Max_Distance,Avg_SD,Years_Analyzed
Consensus,0.13200235294117646,0.014134,0.040416,0.263733,0.2023014117647059,17
Medoid,0.14318399999999998,0.019435,0.047023,0.308591,0.21144205882352943,17
Ancestral,0.18313076470588233,0.021201,0.043183,0.49127,0.20688629411764706,17
