Design,Mean_Distance,Median_Distance,Min_Distance,Max_Distance,Avg_SD,Years_Analyzed
Consensus,0.3338971176470588,0.014324,0.083209,0.691311,0.5713164117647059,17
Medoid,0.3608919411764706,0.01962,0.091161,0.742475,0.6126424117647059,17
Ancestral,0.3522409411764706,0.019743,0.086428,0.754055,0.5856479411764707,17
Cobra,0.34491670588235296,0.021547,0.089253,0.720485,0.5801588235294118,17
