Design,Mean_Distance,Median_Distance,Min_Distance,Max_Distance,Avg_SD,Years_Analyzed
Consensus,0.13200235294117646,0.014134,0.040416,0.263733,0.2023014117647059,17
Medoid,0.1384146470588235,0.019435,0.044979,0.280537,0.21011858823529414,17
Ancestral,0.13766935294117646,0.019435,0.043183,0.306939,0.2062267647058824,17
Cobra,0.13688611764705882,0.021201,0.046568,0.270026,0.20336576470588236,17
