Design,Mean_Distance,Median_Distance,Min_Distance,Max_Distance,Avg_SD,Years_Analyzed
Consensus,0.0049812352941176466,0.003436,0.003611,0.006741,0.002904176470588235,17
Medoid,0.005635470588235294,0.005128,0.003611,0.007564,0.0029957647058823536,17
Ancestral,0.008610000000000001,0.006873,0.005271,0.016823,0.003289235294117647,17
Cobra,0.008371470588235294,0.006873,0.003611,0.019116,0.0028710000000000003,17
