Design,Mean_Distance,Median_Distance,Min_Distance,Max_Distance,Avg_SD,Years_Analyzed
Consensus,0.005028823529411764,0.003451,0.00366,0.006858,0.002995705882352941,17
Medoid,0.005878000000000001,0.005166,0.004704,0.007628,0.0031135882352941176,17
Ancestral,0.009029625,0.006956,0.005543,0.017263,0.0032336874999999996,17
Cobra,0.009596999999999998,0.008615,0.005798,0.019881,0.002913153846153846,17
