Design,Mean_Distance,Median_Distance,Min_Distance,Max_Distance,Avg_SD,Years_Analyzed
Consensus,0.0049847500000000005,0.003436,0.003611,0.006741,0.0029279375,16
Medoid,0.005648500000000001,0.005128,0.003611,0.007564,0.0030146875,16
Ancestral,0.0086234375,0.006873,0.005283,0.015284,0.0033211875,16
Cobra,0.008481375,0.00771,0.003611,0.019116,0.0028901250000000003,16
